actor_handle,week_key,post_count,mean_vector
actor_1,2025-01,20,"[0.05618848356324886, 0.8213167393375136, 0.10739312065336708, 0.015101656445870387]"
actor_2,2025-01,20,"[0.052976643881698225, 0.8098313119050913, 0.10060259734769823, 0.0365894468655123]"
actor_3,2025-01,20,"[0.10897844776038215, 0.7304244714606274, 0.13877873959048712, 0.02181834118850343]"
actor_4,2025-01,20,"[0.09712253960366911, 0.2916359466961395, 0.510517624429671, 0.10072388927052031]"
actor_5,2025-01,20,"[0.13784110175108105, 0.39619711107363165, 0.2799325900735007, 0.1860291971017865]"
actor_6,2025-01,20,"[0.16719093538446717, 0.2341675410175254, 0.2653861912784378, 0.3332553323195696]"
actor_7,2025-01,20,"[0.1860025247612735, 0.1786811146388379, 0.46673873617852274, 0.1685776244213658]"
actor_8,2025-01,20,"[0.17551277909090207, 0.30501429713897876, 0.36570404238320436, 0.1537688813869147]"
actor_1,2025-02,20,"[0.1226260119768402, 0.8293287515705796, 0.028384831935492648, 0.019660404517087515]"
actor_2,2025-02,20,"[0.013990748591342781, 0.9105656005187137, 0.06368236865847088, 0.011761282231472405]"
actor_3,2025-02,20,"[0.11280458480281622, 0.7459414951974698, 0.12106072088547852, 0.020193199114235377]"
actor_4,2025-02,20,"[0.18908446434171064, 0.2596074062561923, 0.44283974361257733, 0.10846838578951976]"
actor_5,2025-02,20,"[0.17637535400021206, 0.31115408641382486, 0.3433791218651304, 0.16909143772083274]"
actor_6,2025-02,20,"[0.1426415779782367, 0.183649985315375, 0.31303271017462364, 0.36067572653176455]"
actor_7,2025-02,20,"[0.09594415255844975, 0.25425989813743194, 0.5900162351190543, 0.059779714185063934]"
actor_8,2025-02,20,"[0.1879062982668579, 0.28689710790190676, 0.42147460869892434, 0.10372198513231101]"
actor_1,2025-03,20,"[0.08391078853064819, 0.7540803184081806, 0.15205264028372387, 0.009956252777447185]"
actor_2,2025-03,20,"[0.11744317467478402, 0.783142147909763, 0.0819782371594592, 0.01743644025599375]"
actor_3,2025-03,20,"[0.16609973178886114, 0.7446996186040498, 0.06306275211886081, 0.026137897488228257]"
actor_4,2025-03,20,"[0.09734729233951753, 0.312686766202181, 0.36700501664518237, 0.22296092481311897]"
actor_5,2025-03,20,"[0.19605440269054963, 0.2537870374276784, 0.37844636930031933, 0.17171219058145257]"
actor_6,2025-03,20,"[0.12824441116054136, 0.12231904510543642, 0.3380271953698525, 0.4114093483641697]"
actor_7,2025-03,20,"[0.05874689143945022, 0.13629422559262974, 0.719378978708753, 0.08557990425916712]"
actor_8,2025-03,20,"[0.23789018644257362, 0.3247039729463267, 0.3117600784817186, 0.12564576212938128]"
actor_1,2025-04,20,"[0.14280699213339354, 0.645711376410127, 0.17730753580409925, 0.034174095652380075]"
actor_2,2025-04,20,"[0.09960251717104797, 0.818577672935532, 0.06564726165026166, 0.01617254824315827]"
actor_3,2025-04,20,"[0.2140130185574093, 0.6740413164873984, 0.08386053338030941, 0.02808513157488301]"
actor_4,2025-04,20,"[0.18294422846417235, 0.4016710735001025, 0.30272447139135616, 0.11266022664436899]"
actor_5,2025-04,20,"[0.08997171333221879, 0.4844464320230829, 0.3496657612398622, 0.07591609340483615]"
actor_6,2025-04,20,"[0.06553701416737394, 0.25804218326754114, 0.2579512054455174, 0.41846959711956744]"
actor_7,2025-04,20,"[0.0437151019609749, 0.18796100836413226, 0.738098534145583, 0.030225355529309855]"
actor_8,2025-04,20,"[0.17541979526778123, 0.3501472062442582, 0.31770774858338585, 0.15672524990457476]"
actor_1,2025-05,20,"[0.44155049636054083, 0.35469392255132226, 0.14458624157361225, 0.05916933951452469]"
actor_2,2025-05,20,"[0.4652417145078661, 0.3171751966048691, 0.16680596472040682, 0.05077712416685805]"
actor_3,2025-05,20,"[0.46370177332850326, 0.25267992653879856, 0.22133802708675354, 0.062280273045944676]"
actor_4,2025-05,20,"[0.13927301607562576, 0.3122811745760729, 0.30187926768350254, 0.24656654166479877]"
actor_5,2025-05,20,"[0.08582165133144205, 0.4297996099509985, 0.3336415178949553, 0.15073722082260424]"
actor_6,2025-05,20,"[0.14505292806013131, 0.22429132505999744, 0.3076354618202871, 0.3230202850595841]"
actor_7,2025-05,20,"[0.07794588753277237, 0.14675336194205738, 0.747488470373724, 0.027812280151446288]"
actor_8,2025-05,20,"[0.1779913813527273, 0.284776436082989, 0.322964818131365, 0.21426736443291866]"
actor_1,2025-06,20,"[0.5107027873087578, 0.3349453756976954, 0.11244316092697897, 0.04190867606656783]"
actor_2,2025-06,20,"[0.4800532608257372, 0.3628669881076654, 0.08850944853141916, 0.06857030253517823]"
actor_3,2025-06,20,"[0.5144450682467786, 0.28175407773044264, 0.12731874231960355, 0.07648211170317513]"
actor_4,2025-06,20,"[0.15171188100926186, 0.4021998842935955, 0.34999589179029383, 0.09609234290684897]"
actor_5,2025-06,20,"[0.13211717036886092, 0.38980646053174633, 0.27565716910994337, 0.2024191999894494]"
actor_6,2025-06,20,"[0.16248848618153283, 0.213101527943788, 0.24536127604710112, 0.379048709827578]"
actor_7,2025-06,20,"[0.08571971701152094, 0.23936643240916622, 0.589079447783047, 0.08583440279626584]"
actor_8,2025-06,20,"[0.2534801811844846, 0.24632075930997574, 0.2959148231457956, 0.20428423635974413]"
actor_1,2025-07,20,"[0.6118029294428282, 0.1507249258366024, 0.2027342253161776, 0.03473791940439177]"
actor_2,2025-07,20,"[0.5646485940466572, 0.18200812982917625, 0.18488969062916688, 0.06845358549499948]"
actor_3,2025-07,20,"[0.4842869456285544, 0.3164012139903521, 0.1228052886106749, 0.07650655177041861]"
actor_4,2025-07,20,"[0.23874073230782517, 0.31021178550184664, 0.18044512291775563, 0.2706023592725725]"
actor_5,2025-07,20,"[0.178394718176663, 0.2606633732256644, 0.28873466661560576, 0.272207241982067]"
actor_6,2025-07,20,"[0.23341017168047054, 0.18334744567871453, 0.1911885963325937, 0.39205378630822124]"
actor_7,2025-07,20,"[0.0648561802374181, 0.20879941273896407, 0.6139034083243631, 0.11244099869925465]"
actor_8,2025-07,20,"[0.1406689681740875, 0.38198813536101667, 0.3543905476128099, 0.12295234885208592]"
actor_1,2025-08,20,"[0.5591127033640484, 0.24263926193144872, 0.12755198021557285, 0.07069605448893015]"
actor_2,2025-08,20,"[0.41845590633821983, 0.37909434469934145, 0.16194159136664926, 0.04050815759578934]"
actor_3,2025-08,20,"[0.4781724192713453, 0.2899894002741976, 0.1743474691186254, 0.057490711335831626]"
actor_4,2025-08,20,"[0.1631067915484065, 0.3116568986034239, 0.39043782090444, 0.1347984889437296]"
actor_5,2025-08,20,"[0.15468538459531514, 0.43688765507900057, 0.26437587759636855, 0.14405108272931574]"
actor_6,2025-08,20,"[0.12478638454073561, 0.1740873604776036, 0.21218115528137646, 0.4889450997002843]"
actor_7,2025-08,20,"[0.0984563081996351, 0.21702941865375544, 0.6255550581747416, 0.05895921497186799]"
actor_8,2025-08,20,"[0.3416808203083431, 0.3228833218526074, 0.2111739045090426, 0.124261953330007]"
